<?xml version="1.0" encoding="UTF-8"?>
<launch4jConfig>
  <dontWrapJar>false</dontWrapJar>
  <headerType>gui</headerType>
  <jar>SLR1Analyzer.jar</jar>
  <outfile>SLR1Analyzer.exe</outfile>
  <errTitle>SLR(1)分析程序</errTitle>
  <cmdLine></cmdLine>
  <chdir>.</chdir>
  <priority>normal</priority>
  <downloadUrl>http://java.com/download</downloadUrl>
  <supportUrl></supportUrl>
  <stayAlive>false</stayAlive>
  <restartOnCrash>false</restartOnCrash>
  <manifest></manifest>
  <icon></icon>
  <jre>
    <path>%JAVA_HOME%;%PATH%</path>
    <requiresJdk>false</requiresJdk>
    <requires64Bit>false</requires64Bit>
    <minVersion>1.8.0</minVersion>
    <maxVersion></maxVersion>
  </jre>
  <versionInfo>
    <fileVersion>1.0.0.0</fileVersion>
    <txtFileVersion>1.0.0.0</txtFileVersion>
    <fileDescription>SLR(1)语法分析程序 - 23智72 黄暄 239007045</fileDescription>
    <copyright>黄暄</copyright>
    <productVersion>1.0.0.0</productVersion>
    <txtProductVersion>1.0.0.0</txtProductVersion>
    <productName>SLR(1)分析程序</productName>
    <companyName></companyName>
    <internalName>SLR1Analyzer</internalName>
    <originalFilename>SLR1Analyzer.exe</originalFilename>
    <trademarks></trademarks>
    <language>ENGLISH_US</language>
  </versionInfo>
</launch4jConfig>